Name	Label	Concept	Required	Attributes	Limit	Predicate Type	Group
B00001_001E	Estimate!!Total	UNWEIGHTED SAMPLE COUNT OF THE POPULATION	not required	B00001_001EA	0	(not a predicate)	B00001
B00002_001E	Estimate!!Total	UNWEIGHTED SAMPLE HOUSING UNITS	not required	B00002_001EA	0	int	B00002
B01001_001E	Estimate!!Total	SEX BY AGE	not required	"B01001_001EA,B01001_001M,B01001_001MA"	0	int	B01001
B01001_002E	Estimate!!Total!!Male	SEX BY AGE	not required	"B01001_002EA,B01001_002M,B01001_002MA"	0	int	B01001
B01001_003E	Estimate!!Total!!Male!!Under 5 years	SEX BY AGE	not required	"B01001_003EA,B01001_003M,B01001_003MA"	0	int	B01001
B01001_004E	Estimate!!Total!!Male!!5 to 9 years	SEX BY AGE	not required	"B01001_004EA,B01001_004M,B01001_004MA"	0	int	B01001
B01001_005E	Estimate!!Total!!Male!!10 to 14 years	SEX BY AGE	not required	"B01001_005EA,B01001_005M,B01001_005MA"	0	int	B01001
B01001_006E	Estimate!!Total!!Male!!15 to 17 years	SEX BY AGE	not required	"B01001_006EA,B01001_006M,B01001_006MA"	0	int	B01001
B01001_007E	Estimate!!Total!!Male!!18 and 19 years	SEX BY AGE	not required	"B01001_007EA,B01001_007M,B01001_007MA"	0	int	B01001
B01001_008E	Estimate!!Total!!Male!!20 years	SEX BY AGE	not required	"B01001_008EA,B01001_008M,B01001_008MA"	0	int	B01001
B01001_009E	Estimate!!Total!!Male!!21 years	SEX BY AGE	not required	"B01001_009EA,B01001_009M,B01001_009MA"	0	int	B01001
B01001_010E	Estimate!!Total!!Male!!22 to 24 years	SEX BY AGE	not required	"B01001_010EA,B01001_010M,B01001_010MA"	0	int	B01001
B01001_011E	Estimate!!Total!!Male!!25 to 29 years	SEX BY AGE	not required	"B01001_011EA,B01001_011M,B01001_011MA"	0	int	B01001
B01001_012E	Estimate!!Total!!Male!!30 to 34 years	SEX BY AGE	not required	"B01001_012EA,B01001_012M,B01001_012MA"	0	int	B01001
B01001_013E	Estimate!!Total!!Male!!35 to 39 years	SEX BY AGE	not required	"B01001_013EA,B01001_013M,B01001_013MA"	0	int	B01001
B01001_014E	Estimate!!Total!!Male!!40 to 44 years	SEX BY AGE	not required	"B01001_014EA,B01001_014M,B01001_014MA"	0	int	B01001
B01001_015E	Estimate!!Total!!Male!!45 to 49 years	SEX BY AGE	not required	"B01001_015EA,B01001_015M,B01001_015MA"	0	int	B01001
B01001_016E	Estimate!!Total!!Male!!50 to 54 years	SEX BY AGE	not required	"B01001_016EA,B01001_016M,B01001_016MA"	0	int	B01001
B01001_017E	Estimate!!Total!!Male!!55 to 59 years	SEX BY AGE	not required	"B01001_017EA,B01001_017M,B01001_017MA"	0	int	B01001
B01001_018E	Estimate!!Total!!Male!!60 and 61 years	SEX BY AGE	not required	"B01001_018EA,B01001_018M,B01001_018MA"	0	int	B01001
B01001_019E	Estimate!!Total!!Male!!62 to 64 years	SEX BY AGE	not required	"B01001_019EA,B01001_019M,B01001_019MA"	0	int	B01001
B01001_020E	Estimate!!Total!!Male!!65 and 66 years	SEX BY AGE	not required	"B01001_020EA,B01001_020M,B01001_020MA"	0	int	B01001
B01001_021E	Estimate!!Total!!Male!!67 to 69 years	SEX BY AGE	not required	"B01001_021EA,B01001_021M,B01001_021MA"	0	int	B01001
B01001_022E	Estimate!!Total!!Male!!70 to 74 years	SEX BY AGE	not required	"B01001_022EA,B01001_022M,B01001_022MA"	0	int	B01001
B01001_023E	Estimate!!Total!!Male!!75 to 79 years	SEX BY AGE	not required	"B01001_023EA,B01001_023M,B01001_023MA"	0	int	B01001
B01001_024E	Estimate!!Total!!Male!!80 to 84 years	SEX BY AGE	not required	"B01001_024EA,B01001_024M,B01001_024MA"	0	int	B01001
B01001_025E	Estimate!!Total!!Male!!85 years and over	SEX BY AGE	not required	"B01001_025EA,B01001_025M,B01001_025MA"	0	int	B01001
B01001_026E	Estimate!!Total!!Female	SEX BY AGE	not required	"B01001_026EA,B01001_026M,B01001_026MA"	0	int	B01001
B01001_027E	Estimate!!Total!!Female!!Under 5 years	SEX BY AGE	not required	"B01001_027EA,B01001_027M,B01001_027MA"	0	int	B01001
B01001_028E	Estimate!!Total!!Female!!5 to 9 years	SEX BY AGE	not required	"B01001_028EA,B01001_028M,B01001_028MA"	0	int	B01001
B01001_029E	Estimate!!Total!!Female!!10 to 14 years	SEX BY AGE	not required	"B01001_029EA,B01001_029M,B01001_029MA"	0	int	B01001
B01001_030E	Estimate!!Total!!Female!!15 to 17 years	SEX BY AGE	not required	"B01001_030EA,B01001_030M,B01001_030MA"	0	int	B01001
B01001_031E	Estimate!!Total!!Female!!18 and 19 years	SEX BY AGE	not required	"B01001_031EA,B01001_031M,B01001_031MA"	0	int	B01001
B01001_032E	Estimate!!Total!!Female!!20 years	SEX BY AGE	not required	"B01001_032EA,B01001_032M,B01001_032MA"	0	int	B01001
B01001_033E	Estimate!!Total!!Female!!21 years	SEX BY AGE	not required	"B01001_033EA,B01001_033M,B01001_033MA"	0	int	B01001
B01001_034E	Estimate!!Total!!Female!!22 to 24 years	SEX BY AGE	not required	"B01001_034EA,B01001_034M,B01001_034MA"	0	int	B01001
B01001_035E	Estimate!!Total!!Female!!25 to 29 years	SEX BY AGE	not required	"B01001_035EA,B01001_035M,B01001_035MA"	0	int	B01001
B01001_036E	Estimate!!Total!!Female!!30 to 34 years	SEX BY AGE	not required	"B01001_036EA,B01001_036M,B01001_036MA"	0	int	B01001
B01001_037E	Estimate!!Total!!Female!!35 to 39 years	SEX BY AGE	not required	"B01001_037EA,B01001_037M,B01001_037MA"	0	int	B01001
B01001_038E	Estimate!!Total!!Female!!40 to 44 years	SEX BY AGE	not required	"B01001_038EA,B01001_038M,B01001_038MA"	0	int	B01001
B01001_039E	Estimate!!Total!!Female!!45 to 49 years	SEX BY AGE	not required	"B01001_039EA,B01001_039M,B01001_039MA"	0	int	B01001
B01001_040E	Estimate!!Total!!Female!!50 to 54 years	SEX BY AGE	not required	"B01001_040EA,B01001_040M,B01001_040MA"	0	int	B01001
B01001_041E	Estimate!!Total!!Female!!55 to 59 years	SEX BY AGE	not required	"B01001_041EA,B01001_041M,B01001_041MA"	0	int	B01001
B01001_042E	Estimate!!Total!!Female!!60 and 61 years	SEX BY AGE	not required	"B01001_042EA,B01001_042M,B01001_042MA"	0	int	B01001
B01001_043E	Estimate!!Total!!Female!!62 to 64 years	SEX BY AGE	not required	"B01001_043EA,B01001_043M,B01001_043MA"	0	int	B01001
B01001_044E	Estimate!!Total!!Female!!65 and 66 years	SEX BY AGE	not required	"B01001_044EA,B01001_044M,B01001_044MA"	0	int	B01001
B01001_045E	Estimate!!Total!!Female!!67 to 69 years	SEX BY AGE	not required	"B01001_045EA,B01001_045M,B01001_045MA"	0	int	B01001
B01001_046E	Estimate!!Total!!Female!!70 to 74 years	SEX BY AGE	not required	"B01001_046EA,B01001_046M,B01001_046MA"	0	int	B01001
B01001_047E	Estimate!!Total!!Female!!75 to 79 years	SEX BY AGE	not required	"B01001_047EA,B01001_047M,B01001_047MA"	0	int	B01001
B01001_048E	Estimate!!Total!!Female!!80 to 84 years	SEX BY AGE	not required	"B01001_048EA,B01001_048M,B01001_048MA"	0	int	B01001
B01001_049E	Estimate!!Total!!Female!!85 years and over	SEX BY AGE	not required	"B01001_049EA,B01001_049M,B01001_049MA"	0	int	B01001
B01001A_001E	Estimate!!Total	SEX BY AGE (WHITE ALONE)	not required	"B01001A_001EA,B01001A_001M,B01001A_001MA"	0	int	B01001A
B01001A_002E	Estimate!!Total!!Male	SEX BY AGE (WHITE ALONE)	not required	"B01001A_002EA,B01001A_002M,B01001A_002MA"	0	int	B01001A
B01001A_003E	Estimate!!Total!!Male!!Under 5 years	SEX BY AGE (WHITE ALONE)	not required	"B01001A_003EA,B01001A_003M,B01001A_003MA"	0	int	B01001A
B01001A_004E	Estimate!!Total!!Male!!5 to 9 years	SEX BY AGE (WHITE ALONE)	not required	"B01001A_004EA,B01001A_004M,B01001A_004MA"	0	int	B01001A
B01001A_005E	Estimate!!Total!!Male!!10 to 14 years	SEX BY AGE (WHITE ALONE)	not required	"B01001A_005EA,B01001A_005M,B01001A_005MA"	0	int	B01001A
B01001A_006E	Estimate!!Total!!Male!!15 to 17 years	SEX BY AGE (WHITE ALONE)	not required	"B01001A_006EA,B01001A_006M,B01001A_006MA"	0	int	B01001A
B01001A_007E	Estimate!!Total!!Male!!18 and 19 years	SEX BY AGE (WHITE ALONE)	not required	"B01001A_007EA,B01001A_007M,B01001A_007MA"	0	int	B01001A
B01001A_008E	Estimate!!Total!!Male!!20 to 24 years	SEX BY AGE (WHITE ALONE)	not required	"B01001A_008EA,B01001A_008M,B01001A_008MA"	0	int	B01001A
B01001A_009E	Estimate!!Total!!Male!!25 to 29 years	SEX BY AGE (WHITE ALONE)	not required	"B01001A_009EA,B01001A_009M,B01001A_009MA"	0	int	B01001A
B01001A_010E	Estimate!!Total!!Male!!30 to 34 years	SEX BY AGE (WHITE ALONE)	not required	"B01001A_010EA,B01001A_010M,B01001A_010MA"	0	int	B01001A
B01001A_011E	Estimate!!Total!!Male!!35 to 44 years	SEX BY AGE (WHITE ALONE)	not required	"B01001A_011EA,B01001A_011M,B01001A_011MA"	0	int	B01001A
B01001A_012E	Estimate!!Total!!Male!!45 to 54 years	SEX BY AGE (WHITE ALONE)	not required	"B01001A_012EA,B01001A_012M,B01001A_012MA"	0	int	B01001A
B01001A_013E	Estimate!!Total!!Male!!55 to 64 years	SEX BY AGE (WHITE ALONE)	not required	"B01001A_013EA,B01001A_013M,B01001A_013MA"	0	int	B01001A
B01001A_014E	Estimate!!Total!!Male!!65 to 74 years	SEX BY AGE (WHITE ALONE)	not required	"B01001A_014EA,B01001A_014M,B01001A_014MA"	0	int	B01001A
B01001A_015E	Estimate!!Total!!Male!!75 to 84 years	SEX BY AGE (WHITE ALONE)	not required	"B01001A_015EA,B01001A_015M,B01001A_015MA"	0	int	B01001A
B01001A_016E	Estimate!!Total!!Male!!85 years and over	SEX BY AGE (WHITE ALONE)	not required	"B01001A_016EA,B01001A_016M,B01001A_016MA"	0	int	B01001A
B01001A_017E	Estimate!!Total!!Female	SEX BY AGE (WHITE ALONE)	not required	"B01001A_017EA,B01001A_017M,B01001A_017MA"	0	int	B01001A
B01001A_018E	Estimate!!Total!!Female!!Under 5 years	SEX BY AGE (WHITE ALONE)	not required	"B01001A_018EA,B01001A_018M,B01001A_018MA"	0	int	B01001A
B01001A_019E	Estimate!!Total!!Female!!5 to 9 years	SEX BY AGE (WHITE ALONE)	not required	"B01001A_019EA,B01001A_019M,B01001A_019MA"	0	int	B01001A
B01001A_020E	Estimate!!Total!!Female!!10 to 14 years	SEX BY AGE (WHITE ALONE)	not required	"B01001A_020EA,B01001A_020M,B01001A_020MA"	0	int	B01001A
B01001A_021E	Estimate!!Total!!Female!!15 to 17 years	SEX BY AGE (WHITE ALONE)	not required	"B01001A_021EA,B01001A_021M,B01001A_021MA"	0	int	B01001A
B01001A_022E	Estimate!!Total!!Female!!18 and 19 years	SEX BY AGE (WHITE ALONE)	not required	"B01001A_022EA,B01001A_022M,B01001A_022MA"	0	int	B01001A
B01001A_023E	Estimate!!Total!!Female!!20 to 24 years	SEX BY AGE (WHITE ALONE)	not required	"B01001A_023EA,B01001A_023M,B01001A_023MA"	0	int	B01001A
B01001A_024E	Estimate!!Total!!Female!!25 to 29 years	SEX BY AGE (WHITE ALONE)	not required	"B01001A_024EA,B01001A_024M,B01001A_024MA"	0	int	B01001A
B01001A_025E	Estimate!!Total!!Female!!30 to 34 years	SEX BY AGE (WHITE ALONE)	not required	"B01001A_025EA,B01001A_025M,B01001A_025MA"	0	int	B01001A
B01001A_026E	Estimate!!Total!!Female!!35 to 44 years	SEX BY AGE (WHITE ALONE)	not required	"B01001A_026EA,B01001A_026M,B01001A_026MA"	0	int	B01001A
B01001A_027E	Estimate!!Total!!Female!!45 to 54 years	SEX BY AGE (WHITE ALONE)	not required	"B01001A_027EA,B01001A_027M,B01001A_027MA"	0	int	B01001A
B01001A_028E	Estimate!!Total!!Female!!55 to 64 years	SEX BY AGE (WHITE ALONE)	not required	"B01001A_028EA,B01001A_028M,B01001A_028MA"	0	int	B01001A
B01001A_029E	Estimate!!Total!!Female!!65 to 74 years	SEX BY AGE (WHITE ALONE)	not required	"B01001A_029EA,B01001A_029M,B01001A_029MA"	0	int	B01001A
B01001A_030E	Estimate!!Total!!Female!!75 to 84 years	SEX BY AGE (WHITE ALONE)	not required	"B01001A_030EA,B01001A_030M,B01001A_030MA"	0	int	B01001A
B01001A_031E	Estimate!!Total!!Female!!85 years and over	SEX BY AGE (WHITE ALONE)	not required	"B01001A_031EA,B01001A_031M,B01001A_031MA"	0	int	B01001A
B01001B_001E	Estimate!!Total	SEX BY AGE (BLACK OR AFRICAN AMERICAN ALONE)	not required	"B01001B_001EA,B01001B_001M,B01001B_001MA"	0	int	B01001B
B01001B_002E	Estimate!!Total!!Male	SEX BY AGE (BLACK OR AFRICAN AMERICAN ALONE)	not required	"B01001B_002EA,B01001B_002M,B01001B_002MA"	0	int	B01001B
B01001B_003E	Estimate!!Total!!Male!!Under 5 years	SEX BY AGE (BLACK OR AFRICAN AMERICAN ALONE)	not required	"B01001B_003EA,B01001B_003M,B01001B_003MA"	0	int	B01001B
B01001B_004E	Estimate!!Total!!Male!!5 to 9 years	SEX BY AGE (BLACK OR AFRICAN AMERICAN ALONE)	not required	"B01001B_004EA,B01001B_004M,B01001B_004MA"	0	int	B01001B
B01001B_005E	Estimate!!Total!!Male!!10 to 14 years	SEX BY AGE (BLACK OR AFRICAN AMERICAN ALONE)	not required	"B01001B_005EA,B01001B_005M,B01001B_005MA"	0	int	B01001B
B01001B_006E	Estimate!!Total!!Male!!15 to 17 years	SEX BY AGE (BLACK OR AFRICAN AMERICAN ALONE)	not required	"B01001B_006EA,B01001B_006M,B01001B_006MA"	0	int	B01001B
B01001B_007E	Estimate!!Total!!Male!!18 and 19 years	SEX BY AGE (BLACK OR AFRICAN AMERICAN ALONE)	not required	"B01001B_007EA,B01001B_007M,B01001B_007MA"	0	int	B01001B
B01001B_008E	Estimate!!Total!!Male!!20 to 24 years	SEX BY AGE (BLACK OR AFRICAN AMERICAN ALONE)	not required	"B01001B_008EA,B01001B_008M,B01001B_008MA"	0	int	B01001B
B01001B_009E	Estimate!!Total!!Male!!25 to 29 years	SEX BY AGE (BLACK OR AFRICAN AMERICAN ALONE)	not required	"B01001B_009EA,B01001B_009M,B01001B_009MA"	0	int	B01001B
B01001B_010E	Estimate!!Total!!Male!!30 to 34 years	SEX BY AGE (BLACK OR AFRICAN AMERICAN ALONE)	not required	"B01001B_010EA,B01001B_010M,B01001B_010MA"	0	int	B01001B
B01001B_011E	Estimate!!Total!!Male!!35 to 44 years	SEX BY AGE (BLACK OR AFRICAN AMERICAN ALONE)	not required	"B01001B_011EA,B01001B_011M,B01001B_011MA"	0	int	B01001B
B01001B_012E	Estimate!!Total!!Male!!45 to 54 years	SEX BY AGE (BLACK OR AFRICAN AMERICAN ALONE)	not required	"B01001B_012EA,B01001B_012M,B01001B_012MA"	0	int	B01001B
B01001B_013E	Estimate!!Total!!Male!!55 to 64 years	SEX BY AGE (BLACK OR AFRICAN AMERICAN ALONE)	not required	"B01001B_013EA,B01001B_013M,B01001B_013MA"	0	int	B01001B
B01001B_014E	Estimate!!Total!!Male!!65 to 74 years	SEX BY AGE (BLACK OR AFRICAN AMERICAN ALONE)	not required	"B01001B_014EA,B01001B_014M,B01001B_014MA"	0	int	B01001B
B01001B_015E	Estimate!!Total!!Male!!75 to 84 years	SEX BY AGE (BLACK OR AFRICAN AMERICAN ALONE)	not required	"B01001B_015EA,B01001B_015M,B01001B_015MA"	0	int	B01001B
B01001B_016E	Estimate!!Total!!Male!!85 years and over	SEX BY AGE (BLACK OR AFRICAN AMERICAN ALONE)	not required	"B01001B_016EA,B01001B_016M,B01001B_016MA"	0	int	B01001B
B01001B_017E	Estimate!!Total!!Female	SEX BY AGE (BLACK OR AFRICAN AMERICAN ALONE)	not required	"B01001B_017EA,B01001B_017M,B01001B_017MA"	0	int	B01001B
B01001B_018E	Estimate!!Total!!Female!!Under 5 years	SEX BY AGE (BLACK OR AFRICAN AMERICAN ALONE)	not required	"B01001B_018EA,B01001B_018M,B01001B_018MA"	0	int	B01001B
B01001B_019E	Estimate!!Total!!Female!!5 to 9 years	SEX BY AGE (BLACK OR AFRICAN AMERICAN ALONE)	not required	"B01001B_019EA,B01001B_019M,B01001B_019MA"	0	int	B01001B
B01001B_020E	Estimate!!Total!!Female!!10 to 14 years	SEX BY AGE (BLACK OR AFRICAN AMERICAN ALONE)	not required	"B01001B_020EA,B01001B_020M,B01001B_020MA"	0	int	B01001B
B01001B_021E	Estimate!!Total!!Female!!15 to 17 years	SEX BY AGE (BLACK OR AFRICAN AMERICAN ALONE)	not required	"B01001B_021EA,B01001B_021M,B01001B_021MA"	0	int	B01001B
B01001B_022E	Estimate!!Total!!Female!!18 and 19 years	SEX BY AGE (BLACK OR AFRICAN AMERICAN ALONE)	not required	"B01001B_022EA,B01001B_022M,B01001B_022MA"	0	int	B01001B
B01001B_023E	Estimate!!Total!!Female!!20 to 24 years	SEX BY AGE (BLACK OR AFRICAN AMERICAN ALONE)	not required	"B01001B_023EA,B01001B_023M,B01001B_023MA"	0	int	B01001B
B01001B_024E	Estimate!!Total!!Female!!25 to 29 years	SEX BY AGE (BLACK OR AFRICAN AMERICAN ALONE)	not required	"B01001B_024EA,B01001B_024M,B01001B_024MA"	0	int	B01001B
B01001B_025E	Estimate!!Total!!Female!!30 to 34 years	SEX BY AGE (BLACK OR AFRICAN AMERICAN ALONE)	not required	"B01001B_025EA,B01001B_025M,B01001B_025MA"	0	int	B01001B
B01001B_026E	Estimate!!Total!!Female!!35 to 44 years	SEX BY AGE (BLACK OR AFRICAN AMERICAN ALONE)	not required	"B01001B_026EA,B01001B_026M,B01001B_026MA"	0	int	B01001B
B01001B_027E	Estimate!!Total!!Female!!45 to 54 years	SEX BY AGE (BLACK OR AFRICAN AMERICAN ALONE)	not required	"B01001B_027EA,B01001B_027M,B01001B_027MA"	0	int	B01001B
B01001B_028E	Estimate!!Total!!Female!!55 to 64 years	SEX BY AGE (BLACK OR AFRICAN AMERICAN ALONE)	not required	"B01001B_028EA,B01001B_028M,B01001B_028MA"	0	int	B01001B
B01001B_029E	Estimate!!Total!!Female!!65 to 74 years	SEX BY AGE (BLACK OR AFRICAN AMERICAN ALONE)	not required	"B01001B_029EA,B01001B_029M,B01001B_029MA"	0	int	B01001B
B01001B_030E	Estimate!!Total!!Female!!75 to 84 years	SEX BY AGE (BLACK OR AFRICAN AMERICAN ALONE)	not required	"B01001B_030EA,B01001B_030M,B01001B_030MA"	0	int	B01001B
B01001B_031E	Estimate!!Total!!Female!!85 years and over	SEX BY AGE (BLACK OR AFRICAN AMERICAN ALONE)	not required	"B01001B_031EA,B01001B_031M,B01001B_031MA"	0	int	B01001B
B01001C_001E	Estimate!!Total	SEX BY AGE (AMERICAN INDIAN AND ALASKA NATIVE ALONE)	not required	"B01001C_001EA,B01001C_001M,B01001C_001MA"	0	int	B01001C
B01001C_002E	Estimate!!Total!!Male	SEX BY AGE (AMERICAN INDIAN AND ALASKA NATIVE ALONE)	not required	"B01001C_002EA,B01001C_002M,B01001C_002MA"	0	int	B01001C
B01001C_003E	Estimate!!Total!!Male!!Under 5 years	SEX BY AGE (AMERICAN INDIAN AND ALASKA NATIVE ALONE)	not required	"B01001C_003EA,B01001C_003M,B01001C_003MA"	0	int	B01001C
B01001C_004E	Estimate!!Total!!Male!!5 to 9 years	SEX BY AGE (AMERICAN INDIAN AND ALASKA NATIVE ALONE)	not required	"B01001C_004EA,B01001C_004M,B01001C_004MA"	0	int	B01001C
B01001C_005E	Estimate!!Total!!Male!!10 to 14 years	SEX BY AGE (AMERICAN INDIAN AND ALASKA NATIVE ALONE)	not required	"B01001C_005EA,B01001C_005M,B01001C_005MA"	0	int	B01001C
B01001C_006E	Estimate!!Total!!Male!!15 to 17 years	SEX BY AGE (AMERICAN INDIAN AND ALASKA NATIVE ALONE)	not required	"B01001C_006EA,B01001C_006M,B01001C_006MA"	0	int	B01001C
B01001C_007E	Estimate!!Total!!Male!!18 and 19 years	SEX BY AGE (AMERICAN INDIAN AND ALASKA NATIVE ALONE)	not required	"B01001C_007EA,B01001C_007M,B01001C_007MA"	0	int	B01001C
B01001C_008E	Estimate!!Total!!Male!!20 to 24 years	SEX BY AGE (AMERICAN INDIAN AND ALASKA NATIVE ALONE)	not required	"B01001C_008EA,B01001C_008M,B01001C_008MA"	0	int	B01001C
B01001C_009E	Estimate!!Total!!Male!!25 to 29 years	SEX BY AGE (AMERICAN INDIAN AND ALASKA NATIVE ALONE)	not required	"B01001C_009EA,B01001C_009M,B01001C_009MA"	0	int	B01001C
B01001C_010E	Estimate!!Total!!Male!!30 to 34 years	SEX BY AGE (AMERICAN INDIAN AND ALASKA NATIVE ALONE)	not required	"B01001C_010EA,B01001C_010M,B01001C_010MA"	0	int	B01001C
B01001C_011E	Estimate!!Total!!Male!!35 to 44 years	SEX BY AGE (AMERICAN INDIAN AND ALASKA NATIVE ALONE)	not required	"B01001C_011EA,B01001C_011M,B01001C_011MA"	0	int	B01001C
B01001C_012E	Estimate!!Total!!Male!!45 to 54 years	SEX BY AGE (AMERICAN INDIAN AND ALASKA NATIVE ALONE)	not required	"B01001C_012EA,B01001C_012M,B01001C_012MA"	0	int	B01001C
B01001C_013E	Estimate!!Total!!Male!!55 to 64 years	SEX BY AGE (AMERICAN INDIAN AND ALASKA NATIVE ALONE)	not required	"B01001C_013EA,B01001C_013M,B01001C_013MA"	0	int	B01001C
B01001C_014E	Estimate!!Total!!Male!!65 to 74 years	SEX BY AGE (AMERICAN INDIAN AND ALASKA NATIVE ALONE)	not required	"B01001C_014EA,B01001C_014M,B01001C_014MA"	0	int	B01001C
B01001C_015E	Estimate!!Total!!Male!!75 to 84 years	SEX BY AGE (AMERICAN INDIAN AND ALASKA NATIVE ALONE)	not required	"B01001C_015EA,B01001C_015M,B01001C_015MA"	0	int	B01001C
B01001C_016E	Estimate!!Total!!Male!!85 years and over	SEX BY AGE (AMERICAN INDIAN AND ALASKA NATIVE ALONE)	not required	"B01001C_016EA,B01001C_016M,B01001C_016MA"	0	int	B01001C
B01001C_017E	Estimate!!Total!!Female	SEX BY AGE (AMERICAN INDIAN AND ALASKA NATIVE ALONE)	not required	"B01001C_017EA,B01001C_017M,B01001C_017MA"	0	int	B01001C
B01001C_018E	Estimate!!Total!!Female!!Under 5 years	SEX BY AGE (AMERICAN INDIAN AND ALASKA NATIVE ALONE)	not required	"B01001C_018EA,B01001C_018M,B01001C_018MA"	0	int	B01001C
B01001C_019E	Estimate!!Total!!Female!!5 to 9 years	SEX BY AGE (AMERICAN INDIAN AND ALASKA NATIVE ALONE)	not required	"B01001C_019EA,B01001C_019M,B01001C_019MA"	0	int	B01001C
B01001C_020E	Estimate!!Total!!Female!!10 to 14 years	SEX BY AGE (AMERICAN INDIAN AND ALASKA NATIVE ALONE)	not required	"B01001C_020EA,B01001C_020M,B01001C_020MA"	0	int	B01001C
B01001C_021E	Estimate!!Total!!Female!!15 to 17 years	SEX BY AGE (AMERICAN INDIAN AND ALASKA NATIVE ALONE)	not required	"B01001C_021EA,B01001C_021M,B01001C_021MA"	0	int	B01001C
B01001C_022E	Estimate!!Total!!Female!!18 and 19 years	SEX BY AGE (AMERICAN INDIAN AND ALASKA NATIVE ALONE)	not required	"B01001C_022EA,B01001C_022M,B01001C_022MA"	0	int	B01001C
B01001C_023E	Estimate!!Total!!Female!!20 to 24 years	SEX BY AGE (AMERICAN INDIAN AND ALASKA NATIVE ALONE)	not required	"B01001C_023EA,B01001C_023M,B01001C_023MA"	0	int	B01001C
B01001C_024E	Estimate!!Total!!Female!!25 to 29 years	SEX BY AGE (AMERICAN INDIAN AND ALASKA NATIVE ALONE)	not required	"B01001C_024EA,B01001C_024M,B01001C_024MA"	0	int	B01001C
B01001C_025E	Estimate!!Total!!Female!!30 to 34 years	SEX BY AGE (AMERICAN INDIAN AND ALASKA NATIVE ALONE)	not required	"B01001C_025EA,B01001C_025M,B01001C_025MA"	0	int	B01001C
B01001C_026E	Estimate!!Total!!Female!!35 to 44 years	SEX BY AGE (AMERICAN INDIAN AND ALASKA NATIVE ALONE)	not required	"B01001C_026EA,B01001C_026M,B01001C_026MA"	0	int	B01001C
B01001C_027E	Estimate!!Total!!Female!!45 to 54 years	SEX BY AGE (AMERICAN INDIAN AND ALASKA NATIVE ALONE)	not required	"B01001C_027EA,B01001C_027M,B01001C_027MA"	0	int	B01001C
B01001C_028E	Estimate!!Total!!Female!!55 to 64 years	SEX BY AGE (AMERICAN INDIAN AND ALASKA NATIVE ALONE)	not required	"B01001C_028EA,B01001C_028M,B01001C_028MA"	0	int	B01001C
B01001C_029E	Estimate!!Total!!Female!!65 to 74 years	SEX BY AGE (AMERICAN INDIAN AND ALASKA NATIVE ALONE)	not required	"B01001C_029EA,B01001C_029M,B01001C_029MA"	0	int	B01001C
B01001C_030E	Estimate!!Total!!Female!!75 to 84 years	SEX BY AGE (AMERICAN INDIAN AND ALASKA NATIVE ALONE)	not required	"B01001C_030EA,B01001C_030M,B01001C_030MA"	0	int	B01001C
B01001C_031E	Estimate!!Total!!Female!!85 years and over	SEX BY AGE (AMERICAN INDIAN AND ALASKA NATIVE ALONE)	not required	"B01001C_031EA,B01001C_031M,B01001C_031MA"	0	int	B01001C
B01001D_001E	Estimate!!Total	SEX BY AGE (ASIAN ALONE)	not required	"B01001D_001EA,B01001D_001M,B01001D_001MA"	0	int	B01001D
B01001D_002E	Estimate!!Total!!Male	SEX BY AGE (ASIAN ALONE)	not required	"B01001D_002EA,B01001D_002M,B01001D_002MA"	0	int	B01001D
B01001D_003E	Estimate!!Total!!Male!!Under 5 years	SEX BY AGE (ASIAN ALONE)	not required	"B01001D_003EA,B01001D_003M,B01001D_003MA"	0	int	B01001D
B01001D_004E	Estimate!!Total!!Male!!5 to 9 years	SEX BY AGE (ASIAN ALONE)	not required	"B01001D_004EA,B01001D_004M,B01001D_004MA"	0	int	B01001D
B01001D_005E	Estimate!!Total!!Male!!10 to 14 years	SEX BY AGE (ASIAN ALONE)	not required	"B01001D_005EA,B01001D_005M,B01001D_005MA"	0	int	B01001D
B01001D_006E	Estimate!!Total!!Male!!15 to 17 years	SEX BY AGE (ASIAN ALONE)	not required	"B01001D_006EA,B01001D_006M,B01001D_006MA"	0	int	B01001D
B01001D_007E	Estimate!!Total!!Male!!18 and 19 years	SEX BY AGE (ASIAN ALONE)	not required	"B01001D_007EA,B01001D_007M,B01001D_007MA"	0	int	B01001D
B01001D_008E	Estimate!!Total!!Male!!20 to 24 years	SEX BY AGE (ASIAN ALONE)	not required	"B01001D_008EA,B01001D_008M,B01001D_008MA"	0	int	B01001D
B01001D_009E	Estimate!!Total!!Male!!25 to 29 years	SEX BY AGE (ASIAN ALONE)	not required	"B01001D_009EA,B01001D_009M,B01001D_009MA"	0	int	B01001D
B01001D_010E	Estimate!!Total!!Male!!30 to 34 years	SEX BY AGE (ASIAN ALONE)	not required	"B01001D_010EA,B01001D_010M,B01001D_010MA"	0	int	B01001D
B01001D_011E	Estimate!!Total!!Male!!35 to 44 years	SEX BY AGE (ASIAN ALONE)	not required	"B01001D_011EA,B01001D_011M,B01001D_011MA"	0	int	B01001D
B01001D_012E	Estimate!!Total!!Male!!45 to 54 years	SEX BY AGE (ASIAN ALONE)	not required	"B01001D_012EA,B01001D_012M,B01001D_012MA"	0	int	B01001D
B01001D_013E	Estimate!!Total!!Male!!55 to 64 years	SEX BY AGE (ASIAN ALONE)	not required	"B01001D_013EA,B01001D_013M,B01001D_013MA"	0	int	B01001D
B01001D_014E	Estimate!!Total!!Male!!65 to 74 years	SEX BY AGE (ASIAN ALONE)	not required	"B01001D_014EA,B01001D_014M,B01001D_014MA"	0	int	B01001D
B01001D_015E	Estimate!!Total!!Male!!75 to 84 years	SEX BY AGE (ASIAN ALONE)	not required	"B01001D_015EA,B01001D_015M,B01001D_015MA"	0	int	B01001D
B01001D_016E	Estimate!!Total!!Male!!85 years and over	SEX BY AGE (ASIAN ALONE)	not required	"B01001D_016EA,B01001D_016M,B01001D_016MA"	0	int	B01001D
B01001D_017E	Estimate!!Total!!Female	SEX BY AGE (ASIAN ALONE)	not required	"B01001D_017EA,B01001D_017M,B01001D_017MA"	0	int	B01001D
B01001D_018E	Estimate!!Total!!Female!!Under 5 years	SEX BY AGE (ASIAN ALONE)	not required	"B01001D_018EA,B01001D_018M,B01001D_018MA"	0	int	B01001D
B01001D_019E	Estimate!!Total!!Female!!5 to 9 years	SEX BY AGE (ASIAN ALONE)	not required	"B01001D_019EA,B01001D_019M,B01001D_019MA"	0	int	B01001D
B01001D_020E	Estimate!!Total!!Female!!10 to 14 years	SEX BY AGE (ASIAN ALONE)	not required	"B01001D_020EA,B01001D_020M,B01001D_020MA"	0	int	B01001D
B01001D_021E	Estimate!!Total!!Female!!15 to 17 years	SEX BY AGE (ASIAN ALONE)	not required	"B01001D_021EA,B01001D_021M,B01001D_021MA"	0	int	B01001D
B01001D_022E	Estimate!!Total!!Female!!18 and 19 years	SEX BY AGE (ASIAN ALONE)	not required	"B01001D_022EA,B01001D_022M,B01001D_022MA"	0	int	B01001D
B01001D_023E	Estimate!!Total!!Female!!20 to 24 years	SEX BY AGE (ASIAN ALONE)	not required	"B01001D_023EA,B01001D_023M,B01001D_023MA"	0	int	B01001D
B01001D_024E	Estimate!!Total!!Female!!25 to 29 years	SEX BY AGE (ASIAN ALONE)	not required	"B01001D_024EA,B01001D_024M,B01001D_024MA"	0	int	B01001D
B01001D_025E	Estimate!!Total!!Female!!30 to 34 years	SEX BY AGE (ASIAN ALONE)	not required	"B01001D_025EA,B01001D_025M,B01001D_025MA"	0	int	B01001D
B01001D_026E	Estimate!!Total!!Female!!35 to 44 years	SEX BY AGE (ASIAN ALONE)	not required	"B01001D_026EA,B01001D_026M,B01001D_026MA"	0	int	B01001D
B01001D_027E	Estimate!!Total!!Female!!45 to 54 years	SEX BY AGE (ASIAN ALONE)	not required	"B01001D_027EA,B01001D_027M,B01001D_027MA"	0	int	B01001D
B01001D_028E	Estimate!!Total!!Female!!55 to 64 years	SEX BY AGE (ASIAN ALONE)	not required	"B01001D_028EA,B01001D_028M,B01001D_028MA"	0	int	B01001D
B01001D_029E	Estimate!!Total!!Female!!65 to 74 years	SEX BY AGE (ASIAN ALONE)	not required	"B01001D_029EA,B01001D_029M,B01001D_029MA"	0	int	B01001D
B01001D_030E	Estimate!!Total!!Female!!75 to 84 years	SEX BY AGE (ASIAN ALONE)	not required	"B01001D_030EA,B01001D_030M,B01001D_030MA"	0	int	B01001D
B01001D_031E	Estimate!!Total!!Female!!85 years and over	SEX BY AGE (ASIAN ALONE)	not required	"B01001D_031EA,B01001D_031M,B01001D_031MA"	0	int	B01001D
B01001E_001E	Estimate!!Total	SEX BY AGE (NATIVE HAWAIIAN AND OTHER PACIFIC ISLANDER ALONE)	not required	"B01001E_001EA,B01001E_001M,B01001E_001MA"	0	int	B01001E
B01001E_002E	Estimate!!Total!!Male	SEX BY AGE (NATIVE HAWAIIAN AND OTHER PACIFIC ISLANDER ALONE)	not required	"B01001E_002EA,B01001E_002M,B01001E_002MA"	0	int	B01001E
B01001E_003E	Estimate!!Total!!Male!!Under 5 years	SEX BY AGE (NATIVE HAWAIIAN AND OTHER PACIFIC ISLANDER ALONE)	not required	"B01001E_003EA,B01001E_003M,B01001E_003MA"	0	int	B01001E
B01001E_004E	Estimate!!Total!!Male!!5 to 9 years	SEX BY AGE (NATIVE HAWAIIAN AND OTHER PACIFIC ISLANDER ALONE)	not required	"B01001E_004EA,B01001E_004M,B01001E_004MA"	0	int	B01001E
B01001E_005E	Estimate!!Total!!Male!!10 to 14 years	SEX BY AGE (NATIVE HAWAIIAN AND OTHER PACIFIC ISLANDER ALONE)	not required	"B01001E_005EA,B01001E_005M,B01001E_005MA"	0	int	B01001E
B01001E_006E	Estimate!!Total!!Male!!15 to 17 years	SEX BY AGE (NATIVE HAWAIIAN AND OTHER PACIFIC ISLANDER ALONE)	not required	"B01001E_006EA,B01001E_006M,B01001E_006MA"	0	int	B01001E
B01001E_007E	Estimate!!Total!!Male!!18 and 19 years	SEX BY AGE (NATIVE HAWAIIAN AND OTHER PACIFIC ISLANDER ALONE)	not required	"B01001E_007EA,B01001E_007M,B01001E_007MA"	0	int	B01001E
B01001E_008E	Estimate!!Total!!Male!!20 to 24 years	SEX BY AGE (NATIVE HAWAIIAN AND OTHER PACIFIC ISLANDER ALONE)	not required	"B01001E_008EA,B01001E_008M,B01001E_008MA"	0	int	B01001E
B01001E_009E	Estimate!!Total!!Male!!25 to 29 years	SEX BY AGE (NATIVE HAWAIIAN AND OTHER PACIFIC ISLANDER ALONE)	not required	"B01001E_009EA,B01001E_009M,B01001E_009MA"	0	int	B01001E
B01001E_010E	Estimate!!Total!!Male!!30 to 34 years	SEX BY AGE (NATIVE HAWAIIAN AND OTHER PACIFIC ISLANDER ALONE)	not required	"B01001E_010EA,B01001E_010M,B01001E_010MA"	0	int	B01001E
B01001E_011E	Estimate!!Total!!Male!!35 to 44 years	SEX BY AGE (NATIVE HAWAIIAN AND OTHER PACIFIC ISLANDER ALONE)	not required	"B01001E_011EA,B01001E_011M,B01001E_011MA"	0	int	B01001E
B01001E_012E	Estimate!!Total!!Male!!45 to 54 years	SEX BY AGE (NATIVE HAWAIIAN AND OTHER PACIFIC ISLANDER ALONE)	not required	"B01001E_012EA,B01001E_012M,B01001E_012MA"	0	int	B01001E
B01001E_013E	Estimate!!Total!!Male!!55 to 64 years	SEX BY AGE (NATIVE HAWAIIAN AND OTHER PACIFIC ISLANDER ALONE)	not required	"B01001E_013EA,B01001E_013M,B01001E_013MA"	0	int	B01001E
B01001E_014E	Estimate!!Total!!Male!!65 to 74 years	SEX BY AGE (NATIVE HAWAIIAN AND OTHER PACIFIC ISLANDER ALONE)	not required	"B01001E_014EA,B01001E_014M,B01001E_014MA"	0	int	B01001E
B01001E_015E	Estimate!!Total!!Male!!75 to 84 years	SEX BY AGE (NATIVE HAWAIIAN AND OTHER PACIFIC ISLANDER ALONE)	not required	"B01001E_015EA,B01001E_015M,B01001E_015MA"	0	int	B01001E
B01001E_016E	Estimate!!Total!!Male!!85 years and over	SEX BY AGE (NATIVE HAWAIIAN AND OTHER PACIFIC ISLANDER ALONE)	not required	"B01001E_016EA,B01001E_016M,B01001E_016MA"	0	int	B01001E
B01001E_017E	Estimate!!Total!!Female	SEX BY AGE (NATIVE HAWAIIAN AND OTHER PACIFIC ISLANDER ALONE)	not required	"B01001E_017EA,B01001E_017M,B01001E_017MA"	0	int	B01001E
B01001E_018E	Estimate!!Total!!Female!!Under 5 years	SEX BY AGE (NATIVE HAWAIIAN AND OTHER PACIFIC ISLANDER ALONE)	not required	"B01001E_018EA,B01001E_018M,B01001E_018MA"	0	int	B01001E
B01001E_019E	Estimate!!Total!!Female!!5 to 9 years	SEX BY AGE (NATIVE HAWAIIAN AND OTHER PACIFIC ISLANDER ALONE)	not required	"B01001E_019EA,B01001E_019M,B01001E_019MA"	0	int	B01001E
B01001E_020E	Estimate!!Total!!Female!!10 to 14 years	SEX BY AGE (NATIVE HAWAIIAN AND OTHER PACIFIC ISLANDER ALONE)	not required	"B01001E_020EA,B01001E_020M,B01001E_020MA"	0	int	B01001E
B01001E_021E	Estimate!!Total!!Female!!15 to 17 years	SEX BY AGE (NATIVE HAWAIIAN AND OTHER PACIFIC ISLANDER ALONE)	not required	"B01001E_021EA,B01001E_021M,B01001E_021MA"	0	int	B01001E
B01001E_022E	Estimate!!Total!!Female!!18 and 19 years	SEX BY AGE (NATIVE HAWAIIAN AND OTHER PACIFIC ISLANDER ALONE)	not required	"B01001E_022EA,B01001E_022M,B01001E_022MA"	0	int	B01001E
B01001E_023E	Estimate!!Total!!Female!!20 to 24 years	SEX BY AGE (NATIVE HAWAIIAN AND OTHER PACIFIC ISLANDER ALONE)	not required	"B01001E_023EA,B01001E_023M,B01001E_023MA"	0	int	B01001E
B01001E_024E	Estimate!!Total!!Female!!25 to 29 years	SEX BY AGE (NATIVE HAWAIIAN AND OTHER PACIFIC ISLANDER ALONE)	not required	"B01001E_024EA,B01001E_024M,B01001E_024MA"	0	int	B01001E
B01001E_025E	Estimate!!Total!!Female!!30 to 34 years	SEX BY AGE (NATIVE HAWAIIAN AND OTHER PACIFIC ISLANDER ALONE)	not required	"B01001E_025EA,B01001E_025M,B01001E_025MA"	0	int	B01001E
B01001E_026E	Estimate!!Total!!Female!!35 to 44 years	SEX BY AGE (NATIVE HAWAIIAN AND OTHER PACIFIC ISLANDER ALONE)	not required	"B01001E_026EA,B01001E_026M,B01001E_026MA"	0	int	B01001E
B01001E_027E	Estimate!!Total!!Female!!45 to 54 years	SEX BY AGE (NATIVE HAWAIIAN AND OTHER PACIFIC ISLANDER ALONE)	not required	"B01001E_027EA,B01001E_027M,B01001E_027MA"	0	int	B01001E
B01001E_028E	Estimate!!Total!!Female!!55 to 64 years	SEX BY AGE (NATIVE HAWAIIAN AND OTHER PACIFIC ISLANDER ALONE)	not required	"B01001E_028EA,B01001E_028M,B01001E_028MA"	0	int	B01001E
B01001E_029E	Estimate!!Total!!Female!!65 to 74 years	SEX BY AGE (NATIVE HAWAIIAN AND OTHER PACIFIC ISLANDER ALONE)	not required	"B01001E_029EA,B01001E_029M,B01001E_029MA"	0	int	B01001E
B01001E_030E	Estimate!!Total!!Female!!75 to 84 years	SEX BY AGE (NATIVE HAWAIIAN AND OTHER PACIFIC ISLANDER ALONE)	not required	"B01001E_030EA,B01001E_030M,B01001E_030MA"	0	int	B01001E
B01001E_031E	Estimate!!Total!!Female!!85 years and over	SEX BY AGE (NATIVE HAWAIIAN AND OTHER PACIFIC ISLANDER ALONE)	not required	"B01001E_031EA,B01001E_031M,B01001E_031MA"	0	int	B01001E
B01001F_001E	Estimate!!Total	SEX BY AGE (SOME OTHER RACE ALONE)	not required	"B01001F_001EA,B01001F_001M,B01001F_001MA"	0	int	B01001F
B01001F_002E	Estimate!!Total!!Male	SEX BY AGE (SOME OTHER RACE ALONE)	not required	"B01001F_002EA,B01001F_002M,B01001F_002MA"	0	int	B01001F
B01001F_003E	Estimate!!Total!!Male!!Under 5 years	SEX BY AGE (SOME OTHER RACE ALONE)	not required	"B01001F_003EA,B01001F_003M,B01001F_003MA"	0	int	B01001F
B01001F_004E	Estimate!!Total!!Male!!5 to 9 years	SEX BY AGE (SOME OTHER RACE ALONE)	not required	"B01001F_004EA,B01001F_004M,B01001F_004MA"	0	int	B01001F
B01001F_005E	Estimate!!Total!!Male!!10 to 14 years	SEX BY AGE (SOME OTHER RACE ALONE)	not required	"B01001F_005EA,B01001F_005M,B01001F_005MA"	0	int	B01001F
B01001F_006E	Estimate!!Total!!Male!!15 to 17 years	SEX BY AGE (SOME OTHER RACE ALONE)	not required	"B01001F_006EA,B01001F_006M,B01001F_006MA"	0	int	B01001F
B01001F_007E	Estimate!!Total!!Male!!18 and 19 years	SEX BY AGE (SOME OTHER RACE ALONE)	not required	"B01001F_007EA,B01001F_007M,B01001F_007MA"	0	int	B01001F
B01001F_008E	Estimate!!Total!!Male!!20 to 24 years	SEX BY AGE (SOME OTHER RACE ALONE)	not required	"B01001F_008EA,B01001F_008M,B01001F_008MA"	0	int	B01001F
B01001F_009E	Estimate!!Total!!Male!!25 to 29 years	SEX BY AGE (SOME OTHER RACE ALONE)	not required	"B01001F_009EA,B01001F_009M,B01001F_009MA"	0	int	B01001F
B01001F_010E	Estimate!!Total!!Male!!30 to 34 years	SEX BY AGE (SOME OTHER RACE ALONE)	not required	"B01001F_010EA,B01001F_010M,B01001F_010MA"	0	int	B01001F
B01001F_011E	Estimate!!Total!!Male!!35 to 44 years	SEX BY AGE (SOME OTHER RACE ALONE)	not required	"B01001F_011EA,B01001F_011M,B01001F_011MA"	0	int	B01001F
B01001F_012E	Estimate!!Total!!Male!!45 to 54 years	SEX BY AGE (SOME OTHER RACE ALONE)	not required	"B01001F_012EA,B01001F_012M,B01001F_012MA"	0	int	B01001F
B01001F_013E	Estimate!!Total!!Male!!55 to 64 years	SEX BY AGE (SOME OTHER RACE ALONE)	not required	"B01001F_013EA,B01001F_013M,B01001F_013MA"	0	int	B01001F
B01001F_014E	Estimate!!Total!!Male!!65 to 74 years	SEX BY AGE (SOME OTHER RACE ALONE)	not required	"B01001F_014EA,B01001F_014M,B01001F_014MA"	0	int	B01001F
B01001F_015E	Estimate!!Total!!Male!!75 to 84 years	SEX BY AGE (SOME OTHER RACE ALONE)	not required	"B01001F_015EA,B01001F_015M,B01001F_015MA"	0	int	B01001F
B01001F_016E	Estimate!!Total!!Male!!85 years and over	SEX BY AGE (SOME OTHER RACE ALONE)	not required	"B01001F_016EA,B01001F_016M,B01001F_016MA"	0	int	B01001F
B01001F_017E	Estimate!!Total!!Female	SEX BY AGE (SOME OTHER RACE ALONE)	not required	"B01001F_017EA,B01001F_017M,B01001F_017MA"	0	int	B01001F
B01001F_018E	Estimate!!Total!!Female!!Under 5 years	SEX BY AGE (SOME OTHER RACE ALONE)	not required	"B01001F_018EA,B01001F_018M,B01001F_018MA"	0	int	B01001F
B01001F_019E	Estimate!!Total!!Female!!5 to 9 years	SEX BY AGE (SOME OTHER RACE ALONE)	not required	"B01001F_019EA,B01001F_019M,B01001F_019MA"	0	int	B01001F
B01001F_020E	Estimate!!Total!!Female!!10 to 14 years	SEX BY AGE (SOME OTHER RACE ALONE)	not required	"B01001F_020EA,B01001F_020M,B01001F_020MA"	0	int	B01001F
B01001F_021E	Estimate!!Total!!Female!!15 to 17 years	SEX BY AGE (SOME OTHER RACE ALONE)	not required	"B01001F_021EA,B01001F_021M,B01001F_021MA"	0	int	B01001F
B01001F_022E	Estimate!!Total!!Female!!18 and 19 years	SEX BY AGE (SOME OTHER RACE ALONE)	not required	"B01001F_022EA,B01001F_022M,B01001F_022MA"	0	int	B01001F
B01001F_023E	Estimate!!Total!!Female!!20 to 24 years	SEX BY AGE (SOME OTHER RACE ALONE)	not required	"B01001F_023EA,B01001F_023M,B01001F_023MA"	0	int	B01001F
B01001F_024E	Estimate!!Total!!Female!!25 to 29 years	SEX BY AGE (SOME OTHER RACE ALONE)	not required	"B01001F_024EA,B01001F_024M,B01001F_024MA"	0	int	B01001F
B01001F_025E	Estimate!!Total!!Female!!30 to 34 years	SEX BY AGE (SOME OTHER RACE ALONE)	not required	"B01001F_025EA,B01001F_025M,B01001F_025MA"	0	int	B01001F
B01001F_026E	Estimate!!Total!!Female!!35 to 44 years	SEX BY AGE (SOME OTHER RACE ALONE)	not required	"B01001F_026EA,B01001F_026M,B01001F_026MA"	0	int	B01001F
B01001F_027E	Estimate!!Total!!Female!!45 to 54 years	SEX BY AGE (SOME OTHER RACE ALONE)	not required	"B01001F_027EA,B01001F_027M,B01001F_027MA"	0	int	B01001F
B01001F_028E	Estimate!!Total!!Female!!55 to 64 years	SEX BY AGE (SOME OTHER RACE ALONE)	not required	"B01001F_028EA,B01001F_028M,B01001F_028MA"	0	int	B01001F
B01001F_029E	Estimate!!Total!!Female!!65 to 74 years	SEX BY AGE (SOME OTHER RACE ALONE)	not required	"B01001F_029EA,B01001F_029M,B01001F_029MA"	0	int	B01001F
B01001F_030E	Estimate!!Total!!Female!!75 to 84 years	SEX BY AGE (SOME OTHER RACE ALONE)	not required	"B01001F_030EA,B01001F_030M,B01001F_030MA"	0	int	B01001F
B01001F_031E	Estimate!!Total!!Female!!85 years and over	SEX BY AGE (SOME OTHER RACE ALONE)	not required	"B01001F_031EA,B01001F_031M,B01001F_031MA"	0	int	B01001F
B01001G_001E	Estimate!!Total	SEX BY AGE (TWO OR MORE RACES)	not required	"B01001G_001EA,B01001G_001M,B01001G_001MA"	0	int	B01001G
B01001G_002E	Estimate!!Total!!Male	SEX BY AGE (TWO OR MORE RACES)	not required	"B01001G_002EA,B01001G_002M,B01001G_002MA"	0	int	B01001G
B01001G_003E	Estimate!!Total!!Male!!Under 5 years	SEX BY AGE (TWO OR MORE RACES)	not required	"B01001G_003EA,B01001G_003M,B01001G_003MA"	0	int	B01001G
B01001G_004E	Estimate!!Total!!Male!!5 to 9 years	SEX BY AGE (TWO OR MORE RACES)	not required	"B01001G_004EA,B01001G_004M,B01001G_004MA"	0	int	B01001G
B01001G_005E	Estimate!!Total!!Male!!10 to 14 years	SEX BY AGE (TWO OR MORE RACES)	not required	"B01001G_005EA,B01001G_005M,B01001G_005MA"	0	int	B01001G
B01001G_006E	Estimate!!Total!!Male!!15 to 17 years	SEX BY AGE (TWO OR MORE RACES)	not required	"B01001G_006EA,B01001G_006M,B01001G_006MA"	0	int	B01001G
B01001G_007E	Estimate!!Total!!Male!!18 and 19 years	SEX BY AGE (TWO OR MORE RACES)	not required	"B01001G_007EA,B01001G_007M,B01001G_007MA"	0	int	B01001G
B01001G_008E	Estimate!!Total!!Male!!20 to 24 years	SEX BY AGE (TWO OR MORE RACES)	not required	"B01001G_008EA,B01001G_008M,B01001G_008MA"	0	int	B01001G
B01001G_009E	Estimate!!Total!!Male!!25 to 29 years	SEX BY AGE (TWO OR MORE RACES)	not required	"B01001G_009EA,B01001G_009M,B01001G_009MA"	0	int	B01001G
B01001G_010E	Estimate!!Total!!Male!!30 to 34 years	SEX BY AGE (TWO OR MORE RACES)	not required	"B01001G_010EA,B01001G_010M,B01001G_010MA"	0	int	B01001G
B01001G_011E	Estimate!!Total!!Male!!35 to 44 years	SEX BY AGE (TWO OR MORE RACES)	not required	"B01001G_011EA,B01001G_011M,B01001G_011MA"	0	int	B01001G
B01001G_012E	Estimate!!Total!!Male!!45 to 54 years	SEX BY AGE (TWO OR MORE RACES)	not required	"B01001G_012EA,B01001G_012M,B01001G_012MA"	0	int	B01001G
B01001G_013E	Estimate!!Total!!Male!!55 to 64 years	SEX BY AGE (TWO OR MORE RACES)	not required	"B01001G_013EA,B01001G_013M,B01001G_013MA"	0	int	B01001G
B01001G_014E	Estimate!!Total!!Male!!65 to 74 years	SEX BY AGE (TWO OR MORE RACES)	not required	"B01001G_014EA,B01001G_014M,B01001G_014MA"	0	int	B01001G
B01001G_015E	Estimate!!Total!!Male!!75 to 84 years	SEX BY AGE (TWO OR MORE RACES)	not required	"B01001G_015EA,B01001G_015M,B01001G_015MA"	0	int	B01001G
B01001G_016E	Estimate!!Total!!Male!!85 years and over	SEX BY AGE (TWO OR MORE RACES)	not required	"B01001G_016EA,B01001G_016M,B01001G_016MA"	0	int	B01001G
B01001G_017E	Estimate!!Total!!Female	SEX BY AGE (TWO OR MORE RACES)	not required	"B01001G_017EA,B01001G_017M,B01001G_017MA"	0	int	B01001G
B01001G_018E	Estimate!!Total!!Female!!Under 5 years	SEX BY AGE (TWO OR MORE RACES)	not required	"B01001G_018EA,B01001G_018M,B01001G_018MA"	0	int	B01001G
B01001G_019E	Estimate!!Total!!Female!!5 to 9 years	SEX BY AGE (TWO OR MORE RACES)	not required	"B01001G_019EA,B01001G_019M,B01001G_019MA"	0	int	B01001G
B01001G_020E	Estimate!!Total!!Female!!10 to 14 years	SEX BY AGE (TWO OR MORE RACES)	not required	"B01001G_020EA,B01001G_020M,B01001G_020MA"	0	int	B01001G
B01001G_021E	Estimate!!Total!!Female!!15 to 17 years	SEX BY AGE (TWO OR MORE RACES)	not required	"B01001G_021EA,B01001G_021M,B01001G_021MA"	0	int	B01001G
B01001G_022E	Estimate!!Total!!Female!!18 and 19 years	SEX BY AGE (TWO OR MORE RACES)	not required	"B01001G_022EA,B01001G_022M,B01001G_022MA"	0	int	B01001G
B01001G_023E	Estimate!!Total!!Female!!20 to 24 years	SEX BY AGE (TWO OR MORE RACES)	not required	"B01001G_023EA,B01001G_023M,B01001G_023MA"	0	int	B01001G
B01001G_024E	Estimate!!Total!!Female!!25 to 29 years	SEX BY AGE (TWO OR MORE RACES)	not required	"B01001G_024EA,B01001G_024M,B01001G_024MA"	0	int	B01001G
B01001G_025E	Estimate!!Total!!Female!!30 to 34 years	SEX BY AGE (TWO OR MORE RACES)	not required	"B01001G_025EA,B01001G_025M,B01001G_025MA"	0	int	B01001G
B01001G_026E	Estimate!!Total!!Female!!35 to 44 years	SEX BY AGE (TWO OR MORE RACES)	not required	"B01001G_026EA,B01001G_026M,B01001G_026MA"	0	int	B01001G
B01001G_027E	Estimate!!Total!!Female!!45 to 54 years	SEX BY AGE (TWO OR MORE RACES)	not required	"B01001G_027EA,B01001G_027M,B01001G_027MA"	0	int	B01001G
B01001G_028E	Estimate!!Total!!Female!!55 to 64 years	SEX BY AGE (TWO OR MORE RACES)	not required	"B01001G_028EA,B01001G_028M,B01001G_028MA"	0	int	B01001G
B01001G_029E	Estimate!!Total!!Female!!65 to 74 years	SEX BY AGE (TWO OR MORE RACES)	not required	"B01001G_029EA,B01001G_029M,B01001G_029MA"	0	int	B01001G
B01001G_030E	Estimate!!Total!!Female!!75 to 84 years	SEX BY AGE (TWO OR MORE RACES)	not required	"B01001G_030EA,B01001G_030M,B01001G_030MA"	0	int	B01001G
B01001G_031E	Estimate!!Total!!Female!!85 years and over	SEX BY AGE (TWO OR MORE RACES)	not required	"B01001G_031EA,B01001G_031M,B01001G_031MA"	0	int	B01001G
B01001H_001E	Estimate!!Total	"SEX BY AGE (WHITE ALONE, NOT HISPANIC OR LATINO)"	not required	"B01001H_001EA,B01001H_001M,B01001H_001MA"	0	int	B01001H
B01001H_002E	Estimate!!Total!!Male	"SEX BY AGE (WHITE ALONE, NOT HISPANIC OR LATINO)"	not required	"B01001H_002EA,B01001H_002M,B01001H_002MA"	0	int	B01001H
B01001H_003E	Estimate!!Total!!Male!!Under 5 years	"SEX BY AGE (WHITE ALONE, NOT HISPANIC OR LATINO)"	not required	"B01001H_003EA,B01001H_003M,B01001H_003MA"	0	int	B01001H
B01001H_004E	Estimate!!Total!!Male!!5 to 9 years	"SEX BY AGE (WHITE ALONE, NOT HISPANIC OR LATINO)"	not required	"B01001H_004EA,B01001H_004M,B01001H_004MA"	0	int	B01001H
B01001H_005E	Estimate!!Total!!Male!!10 to 14 years	"SEX BY AGE (WHITE ALONE, NOT HISPANIC OR LATINO)"	not required	"B01001H_005EA,B01001H_005M,B01001H_005MA"	0	int	B01001H
B01001H_006E	Estimate!!Total!!Male!!15 to 17 years	"SEX BY AGE (WHITE ALONE, NOT HISPANIC OR LATINO)"	not required	"B01001H_006EA,B01001H_006M,B01001H_006MA"	0	int	B01001H
B01001H_007E	Estimate!!Total!!Male!!18 and 19 years	"SEX BY AGE (WHITE ALONE, NOT HISPANIC OR LATINO)"	not required	"B01001H_007EA,B01001H_007M,B01001H_007MA"	0	int	B01001H
B01001H_008E	Estimate!!Total!!Male!!20 to 24 years	"SEX BY AGE (WHITE ALONE, NOT HISPANIC OR LATINO)"	not required	"B01001H_008EA,B01001H_008M,B01001H_008MA"	0	int	B01001H
B01001H_009E	Estimate!!Total!!Male!!25 to 29 years	"SEX BY AGE (WHITE ALONE, NOT HISPANIC OR LATINO)"	not required	"B01001H_009EA,B01001H_009M,B01001H_009MA"	0	int	B01001H
B01001H_010E	Estimate!!Total!!Male!!30 to 34 years	"SEX BY AGE (WHITE ALONE, NOT HISPANIC OR LATINO)"	not required	"B01001H_010EA,B01001H_010M,B01001H_010MA"	0	int	B01001H
B01001H_011E	Estimate!!Total!!Male!!35 to 44 years	"SEX BY AGE (WHITE ALONE, NOT HISPANIC OR LATINO)"	not required	"B01001H_011EA,B01001H_011M,B01001H_011MA"	0	int	B01001H
B01001H_012E	Estimate!!Total!!Male!!45 to 54 years	"SEX BY AGE (WHITE ALONE, NOT HISPANIC OR LATINO)"	not required	"B01001H_012EA,B01001H_012M,B01001H_012MA"	0	int	B01001H
B01001H_013E	Estimate!!Total!!Male!!55 to 64 years	"SEX BY AGE (WHITE ALONE, NOT HISPANIC OR LATINO)"	not required	"B01001H_013EA,B01001H_013M,B01001H_013MA"	0	int	B01001H
B01001H_014E	Estimate!!Total!!Male!!65 to 74 years	"SEX BY AGE (WHITE ALONE, NOT HISPANIC OR LATINO)"	not required	"B01001H_014EA,B01001H_014M,B01001H_014MA"	0	int	B01001H
B01001H_015E	Estimate!!Total!!Male!!75 to 84 years	"SEX BY AGE (WHITE ALONE, NOT HISPANIC OR LATINO)"	not required	"B01001H_015EA,B01001H_015M,B01001H_015MA"	0	int	B01001H
B01001H_016E	Estimate!!Total!!Male!!85 years and over	"SEX BY AGE (WHITE ALONE, NOT HISPANIC OR LATINO)"	not required	"B01001H_016EA,B01001H_016M,B01001H_016MA"	0	int	B01001H
B01001H_017E	Estimate!!Total!!Female	"SEX BY AGE (WHITE ALONE, NOT HISPANIC OR LATINO)"	not required	"B01001H_017EA,B01001H_017M,B01001H_017MA"	0	int	B01001H
B01001H_018E	Estimate!!Total!!Female!!Under 5 years	"SEX BY AGE (WHITE ALONE, NOT HISPANIC OR LATINO)"	not required	"B01001H_018EA,B01001H_018M,B01001H_018MA"	0	int	B01001H
B01001H_019E	Estimate!!Total!!Female!!5 to 9 years	"SEX BY AGE (WHITE ALONE, NOT HISPANIC OR LATINO)"	not required	"B01001H_019EA,B01001H_019M,B01001H_019MA"	0	int	B01001H
B01001H_020E	Estimate!!Total!!Female!!10 to 14 years	"SEX BY AGE (WHITE ALONE, NOT HISPANIC OR LATINO)"	not required	"B01001H_020EA,B01001H_020M,B01001H_020MA"	0	int	B01001H
B01001H_021E	Estimate!!Total!!Female!!15 to 17 years	"SEX BY AGE (WHITE ALONE, NOT HISPANIC OR LATINO)"	not required	"B01001H_021EA,B01001H_021M,B01001H_021MA"	0	int	B01001H
B01001H_022E	Estimate!!Total!!Female!!18 and 19 years	"SEX BY AGE (WHITE ALONE, NOT HISPANIC OR LATINO)"	not required	"B01001H_022EA,B01001H_022M,B01001H_022MA"	0	int	B01001H
B01001H_023E	Estimate!!Total!!Female!!20 to 24 years	"SEX BY AGE (WHITE ALONE, NOT HISPANIC OR LATINO)"	not required	"B01001H_023EA,B01001H_023M,B01001H_023MA"	0	int	B01001H
B01001H_024E	Estimate!!Total!!Female!!25 to 29 years	"SEX BY AGE (WHITE ALONE, NOT HISPANIC OR LATINO)"	not required	"B01001H_024EA,B01001H_024M,B01001H_024MA"	0	int	B01001H
B01001H_025E	Estimate!!Total!!Female!!30 to 34 years	"SEX BY AGE (WHITE ALONE, NOT HISPANIC OR LATINO)"	not required	"B01001H_025EA,B01001H_025M,B01001H_025MA"	0	int	B01001H
B01001H_026E	Estimate!!Total!!Female!!35 to 44 years	"SEX BY AGE (WHITE ALONE, NOT HISPANIC OR LATINO)"	not required	"B01001H_026EA,B01001H_026M,B01001H_026MA"	0	int	B01001H
B01001H_027E	Estimate!!Total!!Female!!45 to 54 years	"SEX BY AGE (WHITE ALONE, NOT HISPANIC OR LATINO)"	not required	"B01001H_027EA,B01001H_027M,B01001H_027MA"	0	int	B01001H
B01001H_028E	Estimate!!Total!!Female!!55 to 64 years	"SEX BY AGE (WHITE ALONE, NOT HISPANIC OR LATINO)"	not required	"B01001H_028EA,B01001H_028M,B01001H_028MA"	0	int	B01001H
B01001H_029E	Estimate!!Total!!Female!!65 to 74 years	"SEX BY AGE (WHITE ALONE, NOT HISPANIC OR LATINO)"	not required	"B01001H_029EA,B01001H_029M,B01001H_029MA"	0	int	B01001H
B01001H_030E	Estimate!!Total!!Female!!75 to 84 years	"SEX BY AGE (WHITE ALONE, NOT HISPANIC OR LATINO)"	not required	"B01001H_030EA,B01001H_030M,B01001H_030MA"	0	int	B01001H
B01001H_031E	Estimate!!Total!!Female!!85 years and over	"SEX BY AGE (WHITE ALONE, NOT HISPANIC OR LATINO)"	not required	"B01001H_031EA,B01001H_031M,B01001H_031MA"	0	int	B01001H
B01001I_001E	Estimate!!Total	SEX BY AGE (HISPANIC OR LATINO)	not required	"B01001I_001EA,B01001I_001M,B01001I_001MA"	0	int	B01001I
B01001I_002E	Estimate!!Total!!Male	SEX BY AGE (HISPANIC OR LATINO)	not required	"B01001I_002EA,B01001I_002M,B01001I_002MA"	0	int	B01001I
B01001I_003E	Estimate!!Total!!Male!!Under 5 years	SEX BY AGE (HISPANIC OR LATINO)	not required	"B01001I_003EA,B01001I_003M,B01001I_003MA"	0	int	B01001I
B01001I_004E	Estimate!!Total!!Male!!5 to 9 years	SEX BY AGE (HISPANIC OR LATINO)	not required	"B01001I_004EA,B01001I_004M,B01001I_004MA"	0	int	B01001I
B01001I_005E	Estimate!!Total!!Male!!10 to 14 years	SEX BY AGE (HISPANIC OR LATINO)	not required	"B01001I_005EA,B01001I_005M,B01001I_005MA"	0	int	B01001I
B01001I_006E	Estimate!!Total!!Male!!15 to 17 years	SEX BY AGE (HISPANIC OR LATINO)	not required	"B01001I_006EA,B01001I_006M,B01001I_006MA"	0	int	B01001I
B01001I_007E	Estimate!!Total!!Male!!18 and 19 years	SEX BY AGE (HISPANIC OR LATINO)	not required	"B01001I_007EA,B01001I_007M,B01001I_007MA"	0	int	B01001I
B01001I_008E	Estimate!!Total!!Male!!20 to 24 years	SEX BY AGE (HISPANIC OR LATINO)	not required	"B01001I_008EA,B01001I_008M,B01001I_008MA"	0	int	B01001I
B01001I_009E	Estimate!!Total!!Male!!25 to 29 years	SEX BY AGE (HISPANIC OR LATINO)	not required	"B01001I_009EA,B01001I_009M,B01001I_009MA"	0	int	B01001I
B01001I_010E	Estimate!!Total!!Male!!30 to 34 years	SEX BY AGE (HISPANIC OR LATINO)	not required	"B01001I_010EA,B01001I_010M,B01001I_010MA"	0	int	B01001I
B01001I_011E	Estimate!!Total!!Male!!35 to 44 years	SEX BY AGE (HISPANIC OR LATINO)	not required	"B01001I_011EA,B01001I_011M,B01001I_011MA"	0	int	B01001I
B01001I_012E	Estimate!!Total!!Male!!45 to 54 years	SEX BY AGE (HISPANIC OR LATINO)	not required	"B01001I_012EA,B01001I_012M,B01001I_012MA"	0	int	B01001I
B01001I_013E	Estimate!!Total!!Male!!55 to 64 years	SEX BY AGE (HISPANIC OR LATINO)	not required	"B01001I_013EA,B01001I_013M,B01001I_013MA"	0	int	B01001I
B01001I_014E	Estimate!!Total!!Male!!65 to 74 years	SEX BY AGE (HISPANIC OR LATINO)	not required	"B01001I_014EA,B01001I_014M,B01001I_014MA"	0	int	B01001I
B01001I_015E	Estimate!!Total!!Male!!75 to 84 years	SEX BY AGE (HISPANIC OR LATINO)	not required	"B01001I_015EA,B01001I_015M,B01001I_015MA"	0	int	B01001I
B01001I_016E	Estimate!!Total!!Male!!85 years and over	SEX BY AGE (HISPANIC OR LATINO)	not required	"B01001I_016EA,B01001I_016M,B01001I_016MA"	0	int	B01001I
B01001I_017E	Estimate!!Total!!Female	SEX BY AGE (HISPANIC OR LATINO)	not required	"B01001I_017EA,B01001I_017M,B01001I_017MA"	0	int	B01001I
B01001I_018E	Estimate!!Total!!Female!!Under 5 years	SEX BY AGE (HISPANIC OR LATINO)	not required	"B01001I_018EA,B01001I_018M,B01001I_018MA"	0	int	B01001I
B01001I_019E	Estimate!!Total!!Female!!5 to 9 years	SEX BY AGE (HISPANIC OR LATINO)	not required	"B01001I_019EA,B01001I_019M,B01001I_019MA"	0	int	B01001I
B01001I_020E	Estimate!!Total!!Female!!10 to 14 years	SEX BY AGE (HISPANIC OR LATINO)	not required	"B01001I_020EA,B01001I_020M,B01001I_020MA"	0	int	B01001I
B01001I_021E	Estimate!!Total!!Female!!15 to 17 years	SEX BY AGE (HISPANIC OR LATINO)	not required	"B01001I_021EA,B01001I_021M,B01001I_021MA"	0	int	B01001I
B01001I_022E	Estimate!!Total!!Female!!18 and 19 years	SEX BY AGE (HISPANIC OR LATINO)	not required	"B01001I_022EA,B01001I_022M,B01001I_022MA"	0	int	B01001I
B01001I_023E	Estimate!!Total!!Female!!20 to 24 years	SEX BY AGE (HISPANIC OR LATINO)	not required	"B01001I_023EA,B01001I_023M,B01001I_023MA"	0	int	B01001I
B01001I_024E	Estimate!!Total!!Female!!25 to 29 years	SEX BY AGE (HISPANIC OR LATINO)	not required	"B01001I_024EA,B01001I_024M,B01001I_024MA"	0	int	B01001I
B01001I_025E	Estimate!!Total!!Female!!30 to 34 years	SEX BY AGE (HISPANIC OR LATINO)	not required	"B01001I_025EA,B01001I_025M,B01001I_025MA"	0	int	B01001I
B01001I_026E	Estimate!!Total!!Female!!35 to 44 years	SEX BY AGE (HISPANIC OR LATINO)	not required	"B01001I_026EA,B01001I_026M,B01001I_026MA"	0	int	B01001I
B01001I_027E	Estimate!!Total!!Female!!45 to 54 years	SEX BY AGE (HISPANIC OR LATINO)	not required	"B01001I_027EA,B01001I_027M,B01001I_027MA"	0	int	B01001I
B01001I_028E	Estimate!!Total!!Female!!55 to 64 years	SEX BY AGE (HISPANIC OR LATINO)	not required	"B01001I_028EA,B01001I_028M,B01001I_028MA"	0	int	B01001I
B01001I_029E	Estimate!!Total!!Female!!65 to 74 years	SEX BY AGE (HISPANIC OR LATINO)	not required	"B01001I_029EA,B01001I_029M,B01001I_029MA"	0	int	B01001I
B01001I_030E	Estimate!!Total!!Female!!75 to 84 years	SEX BY AGE (HISPANIC OR LATINO)	not required	"B01001I_030EA,B01001I_030M,B01001I_030MA"	0	int	B01001I
B01001I_031E	Estimate!!Total!!Female!!85 years and over	SEX BY AGE (HISPANIC OR LATINO)	not required	"B01001I_031EA,B01001I_031M,B01001I_031MA"	0	int	B01001I